{"train_loss": 0.870965906226908, "train_f1": 0.15671391990688796, "train_precision": 0.08694949050203239, "train_recall": 0.7929093422146019, "val_loss": 0.8719801156345858, "val_f1": 0.15671391990688796, "val_precision": 0.08694949050203239, "val_recall": 0.7929093422146019, "_timestamp": 1676803946.242242, "_runtime": 787.4817202091217, "_step": 179, "_wandb": {"runtime": 1261}}