{"train_loss": 0.938490096940339, "train_f1": 0.1162518008438326, "train_precision": 0.06391075512728447, "train_recall": 0.6421717359591986, "val_loss": 0.9405432026320641, "val_f1": 0.1209302773132478, "val_precision": 0.06672785394406373, "val_recall": 0.6442427534712564, "_timestamp": 1676974570.8346448, "_runtime": 12.485562801361084, "_step": 1, "_wandb": {"runtime": 29}}