{"train_loss": 0.8238517653851108, "train_f1": 0.1833864929433415, "train_precision": 0.10186705876369286, "train_recall": 0.918094521351443, "val_loss": 0.8242173867488126, "val_f1": 0.1839548651028279, "val_precision": 0.10225097380510163, "val_recall": 0.9154372201600206, "_timestamp": 1676819300.5087166, "_runtime": 1194.5089046955109, "_step": 179, "_wandb": {"runtime": 1343}}