{"train_loss": 0.8097558189928532, "train_f1": 0.1984732881892421, "train_precision": 0.11187775703379885, "train_recall": 0.8782749754935503, "val_loss": 0.8131300973782846, "val_f1": 0.19664525285636628, "val_precision": 0.11111325222930503, "val_recall": 0.8541370031483676, "_timestamp": 1676836184.2727535, "_runtime": 1106.980798482895, "_step": 179, "_wandb": {"runtime": 1098}}