{"train_loss": 0.767353708416451, "train_f1": 0.24751016711760668, "train_precision": 0.14424896176534754, "train_recall": 0.8710670638630409, "val_loss": 0.7836545571821545, "val_f1": 0.2294239027738286, "val_precision": 0.1322131281581904, "val_recall": 0.8665946369324256, "_timestamp": 1677275898.9439378, "_runtime": 1425.1610388755798, "_step": 162, "_wandb": {"runtime": 1431}}