{"train_loss": 0.8882978085343164, "train_f1": 0.11496038642583523, "train_precision": 0.06098566077763343, "train_recall": 1.0, "val_loss": 0.8871144206698881, "val_f1": 0.11688772634750527, "val_precision": 0.062071565239596255, "val_recall": 1.0, "_timestamp": 1676819916.5731957, "_runtime": 39.038227796554565, "_step": 5, "_wandb": {"runtime": 41}}