{"train_loss": 0.8871839438685934, "train_f1": 0.11157599483216593, "train_precision": 0.05908418582205515, "train_recall": 1.0, "val_loss": 0.8918412434398582, "val_f1": 0.11157599483216593, "val_precision": 0.05908418582205515, "val_recall": 1.0, "_timestamp": 1676813829.8416932, "_runtime": 25.301658153533936, "_step": 3, "_wandb": {"runtime": 27}}