{"train_loss": 0.8871839105627919, "train_f1": 0.11157599483216593, "train_precision": 0.05908418582205515, "train_recall": 1.0, "val_loss": 0.8918412251209994, "val_f1": 0.11157599483216593, "val_precision": 0.05908418582205515, "val_recall": 1.0, "_timestamp": 1676812671.8265758, "_runtime": 92.90911674499512, "_step": 14, "_wandb": {"runtime": 108}}