{"train_loss": 0.8895783873004768, "train_f1": 0.11528059377747589, "train_precision": 0.061165918596088886, "train_recall": 1.0, "val_loss": 0.8881553113460541, "val_f1": 0.11528059377747589, "val_precision": 0.061165918596088886, "val_recall": 1.0, "_timestamp": 1676808862.5225194, "_runtime": 93.419269323349, "_step": 12, "_wandb": {"runtime": 113}}