{"train_loss": 0.7169148453319346, "train_f1": 0.3007515719982869, "train_precision": 0.1809207431147344, "train_recall": 0.8906903632724558, "val_loss": 0.7406217382041687, "val_f1": 0.27490833641508955, "val_precision": 0.16288606842996878, "val_recall": 0.8803655587205099, "_timestamp": 1677277284.4919155, "_runtime": 1224.864592552185, "_step": 179, "_wandb": {"runtime": 1400}}