{"train_loss": 0.7135127687272225, "train_f1": 0.30453921102957376, "train_precision": 0.1843894288285088, "train_recall": 0.8741301380950987, "val_loss": 0.7344399696096368, "val_f1": 0.28151749961418887, "val_precision": 0.16765230388269511, "val_recall": 0.8774789910797679, "_timestamp": 1677005390.3034074, "_runtime": 864.1783955097198, "_step": 179, "_wandb": {"runtime": 8996}}