{"train_loss": 0.8462815190999563, "train_f1": 0.1568699395307611, "train_precision": 0.08568990210908542, "train_recall": 0.9264159281866267, "val_loss": 0.8492296578687265, "val_f1": 0.1568699395307611, "val_precision": 0.08568990210908542, "val_recall": 0.9264159281866267, "_timestamp": 1676816921.1622546, "_runtime": 1269.4751515388489, "_step": 179, "_wandb": {"runtime": 1268}}