{"train_loss": 0.8854940037690956, "train_f1": 0.11828365477728925, "train_precision": 0.0628594501384797, "train_recall": 1.0, "val_loss": 0.8895130663289936, "val_f1": 0.11397331948226522, "val_precision": 0.06043038556113019, "val_recall": 1.0, "_timestamp": 1677281058.2717655, "_runtime": 55.79175353050232, "_step": 6, "_wandb": {"runtime": 93}}