{"train_loss": 0.8871839100167952, "train_f1": 0.11157599483216593, "train_precision": 0.05908418582205515, "train_recall": 1.0, "val_loss": 0.8918412253944152, "val_f1": 0.11157599483216593, "val_precision": 0.05908418582205515, "val_recall": 1.0, "_timestamp": 1676813759.0684667, "_runtime": 112.68466258049011, "_step": 18, "_wandb": {"runtime": 113}}