{"train_loss": 0.8876596973142551, "train_f1": 0.11601331290000585, "train_precision": 0.061578626693261945, "train_recall": 1.0, "val_loss": 0.8876557680991811, "val_f1": 0.11577502560083514, "val_precision": 0.061444374835204096, "val_recall": 1.0, "_timestamp": 1676834551.5470335, "_runtime": 172.43877458572388, "_step": 30, "_wandb": {"runtime": 155}}