{"train_loss": 0.7760323076757766, "train_f1": 0.23785401459879735, "train_precision": 0.13801685279050402, "train_recall": 0.8598252545786268, "val_loss": 0.7910510091059798, "val_f1": 0.22143033462548653, "val_precision": 0.1273816541999305, "val_recall": 0.8461939971381371, "_timestamp": 1676996040.970179, "_runtime": 141.12835216522217, "_step": 41, "_wandb": {"runtime": 154}}