{"train_loss": 0.7962253637896239, "train_f1": 0.21491667039759968, "train_precision": 0.12270664463232037, "train_recall": 0.8647418789281189, "val_loss": 0.8116800046842033, "val_f1": 0.19722065451796764, "val_precision": 0.11199093954808531, "val_recall": 0.825333173121881, "_timestamp": 1677014549.8487747, "_runtime": 160.77826261520386, "_step": 29, "_wandb": {"runtime": 162}}