{"train_loss": 0.851566214779861, "train_f1": 0.15718439173006685, "train_precision": 0.08653085643695739, "train_recall": 0.8566495513756767, "val_loss": 0.856455802097233, "val_f1": 0.15083736591500127, "val_precision": 0.08273967557988308, "val_recall": 0.8523594657762334, "_timestamp": 1677280716.4757857, "_runtime": 187.24335074424744, "_step": 23, "_wandb": {"runtime": 199}}