{"train_loss": 0.7474358541364888, "train_f1": 0.2687777886815702, "train_precision": 0.15821461710822946, "train_recall": 0.892408917423423, "val_loss": 0.7651277821545207, "val_f1": 0.2480619922297016, "val_precision": 0.14389652648616, "val_recall": 0.8984219995113688, "_timestamp": 1676975126.1215842, "_runtime": 529.1092700958252, "_step": 99, "_wandb": {"runtime": 524}}