{"train_loss": 0.5114408829739986, "train_f1": 0.11412903253507128, "train_precision": 0.062183849957153085, "train_recall": 0.6931549167530682, "val_loss": 0.5163020633776253, "val_f1": 0.10597042631523765, "val_precision": 0.05747465446480302, "val_recall": 0.678326457482549, "_timestamp": 1676974387.2136137, "_runtime": 118.75678086280823, "_step": 27, "_wandb": {"runtime": 210}}