{"train_loss": 0.7274183453494356, "train_f1": 0.2897287222631381, "train_precision": 0.17322768787675685, "train_recall": 0.8847522915774629, "val_loss": 0.7440658096873433, "val_f1": 0.2705228435191595, "val_precision": 0.1597644296312414, "val_recall": 0.8819310678801405, "_timestamp": 1677279867.6374578, "_runtime": 1226.478176832199, "_step": 179, "_wandb": {"runtime": 1680}}