{"train_loss": 0.8882977881504379, "train_f1": 0.11496038642583523, "train_precision": 0.06098566077763343, "train_recall": 1.0, "val_loss": 0.8871144045383559, "val_f1": 0.11688772634750527, "val_precision": 0.062071565239596255, "val_recall": 1.0, "_timestamp": 1676819630.8994458, "_runtime": 68.55156970024109, "_step": 10, "_wandb": {"runtime": 79}}