{"train_loss": 0.7402691209589252, "train_f1": 0.2761885529200938, "train_precision": 0.1635214239529526, "train_recall": 0.8880812420189835, "val_loss": 0.758357299030374, "val_f1": 0.25586305389403574, "val_precision": 0.14959606157461985, "val_recall": 0.883381660925139, "_timestamp": 1676998231.195717, "_runtime": 599.0658349990845, "_step": 124, "_wandb": {"runtime": 594}}