{"train_loss": 0.8876315215161739, "train_f1": 0.11601331290000585, "train_precision": 0.061578626693261945, "train_recall": 1.0, "val_loss": 0.8876014586982377, "val_f1": 0.11577502560083514, "val_precision": 0.061444374835204096, "val_recall": 1.0, "_timestamp": 1676834702.1086812, "_runtime": 94.54525208473206, "_step": 17, "_wandb": {"runtime": 90}}