{"train_loss": 0.6924130931155372, "train_f1": 0.32639076788312954, "train_precision": 0.20026927657766652, "train_recall": 0.8815643343306679, "val_loss": 0.7164829903786335, "val_f1": 0.29898364449604453, "val_precision": 0.1801420079561275, "val_recall": 0.8786164393665594, "_timestamp": 1677341510.867998, "_runtime": 2765.4450328350067, "_step": 579}