{"train_loss": 0.7559350427780442, "train_f1": 0.2589712246662465, "train_precision": 0.1513929003067599, "train_recall": 0.8948256134076883, "val_loss": 0.7707458592336113, "val_f1": 0.24204346880830155, "val_precision": 0.1398026664237227, "val_recall": 0.9008690914429656, "_timestamp": 1676998583.7739153, "_runtime": 334.3833303451538, "_step": 69, "_wandb": {"runtime": 359}}