{"train_loss": 0.7481664693082561, "train_f1": 0.26854292385748363, "train_precision": 0.15776723375017862, "train_recall": 0.9015935837767506, "val_loss": 0.7675822070979197, "val_f1": 0.24667882771992058, "val_precision": 0.14295165386016762, "val_recall": 0.8990086393618802, "_timestamp": 1677016360.9837284, "_runtime": 937.2195534706116, "_step": 179, "_wandb": {"runtime": 253572}}