{"train_loss": 0.7726308024566592, "train_f1": 0.24116401037138827, "train_precision": 0.13950836527381688, "train_recall": 0.8888237540958492, "val_loss": 0.7870966261679974, "val_f1": 0.2247223385155812, "val_precision": 0.1284770098762638, "val_recall": 0.8957538979315977, "_timestamp": 1676973007.3289523, "_runtime": 152.00750136375427, "_step": 30, "_wandb": {"runtime": 166}}