{"train_loss": 0.8465316390263216, "train_f1": 0.1569944350714986, "train_precision": 0.08574729383743684, "train_recall": 0.9283935364780076, "val_loss": 0.8492071180168642, "val_f1": 0.1569944350714986, "val_precision": 0.08574729383743684, "val_recall": 0.9283935364780076, "_timestamp": 1676817494.5024335, "_runtime": 472.5604455471039, "_step": 65, "_wandb": {"runtime": 691}}