{"train_loss": 0.8468095936848007, "train_f1": 0.15803308906425245, "train_precision": 0.08640018573731457, "train_recall": 0.9246175341103056, "val_loss": 0.8480133695886769, "val_f1": 0.15803308906425245, "val_precision": 0.08640018573731457, "val_recall": 0.9246175341103056, "_timestamp": 1676818060.106072, "_runtime": 337.23302388191223, "_step": 46, "_wandb": {"runtime": 337}}