{"train_loss": 0.7169807682510551, "train_f1": 0.3028561091056682, "train_precision": 0.1831764241751596, "train_recall": 0.8736842200956272, "val_loss": 0.7381508022273352, "val_f1": 0.27758880143529757, "val_precision": 0.16566686296339975, "val_recall": 0.855657838626739, "_timestamp": 1676975945.4440293, "_runtime": 580.6110942363739, "_step": 179, "_wandb": {"runtime": 19976}}