{"train_loss": 0.8153987819001874, "train_f1": 0.1945005237628577, "train_precision": 0.11152725203517284, "train_recall": 0.7596877458441349, "val_loss": 0.8237475771969611, "val_f1": 0.18493072230278287, "val_precision": 0.10476677611025922, "val_recall": 0.7874945948976989, "_timestamp": 1676995519.157745, "_runtime": 41.04925084114075, "_step": 11, "_wandb": {"runtime": 316}}