{"train_loss": 0.8882986000475993, "train_f1": 0.11496038642583523, "train_precision": 0.06098566077763343, "train_recall": 1.0, "val_loss": 0.8871150156226727, "val_f1": 0.11688772634750527, "val_precision": 0.062071565239596255, "val_recall": 1.0, "_timestamp": 1676819961.3242018, "_runtime": 14.869519710540771, "_step": 1}