{"train_loss": 0.7468692672161655, "train_f1": 0.26879188976709345, "train_precision": 0.1586791316459652, "train_recall": 0.878213886814263, "val_loss": 0.768733190013728, "val_f1": 0.2461977549340072, "val_precision": 0.142508886130783, "val_recall": 0.9037957795716207, "_timestamp": 1677274006.7250063, "_runtime": 1628.467538356781, "_step": 179, "_wandb": {"runtime": 2086}}