{"train_loss": 0.7732662945303298, "train_f1": 0.24137969277781138, "train_precision": 0.13983271439623743, "train_recall": 0.8816019007267842, "val_loss": 0.791169896585132, "val_f1": 0.22174119068795553, "val_precision": 0.12685563498595304, "val_recall": 0.8798576724638633, "_timestamp": 1677271110.357994, "_runtime": 1025.6667239665985, "_step": 116, "_wandb": {"runtime": 1024}}