{"train_loss": 0.8180028384878435, "train_f1": 0.19035713782549193, "train_precision": 0.10636692142099824, "train_recall": 0.9048563095449491, "val_loss": 0.8221838791436011, "val_f1": 0.18604422894976372, "val_precision": 0.1032665795304838, "val_recall": 0.9376844501276629, "_timestamp": 1676823683.3928528, "_runtime": 617.5477497577667, "_step": 118, "_wandb": {"runtime": 1160}}