{"train_loss": 0.8249148848402591, "train_f1": 0.18457969560661455, "train_precision": 0.10593447789180142, "train_recall": 0.7165219414780158, "val_loss": 0.8444015361847134, "val_f1": 0.1636035165141751, "val_precision": 0.09253789661366732, "val_recall": 0.7050731275059762, "_timestamp": 1676996124.5983891, "_runtime": 63.5639922618866, "_step": 18, "_wandb": {"runtime": 62}}