{"train_loss": 0.8895783900304605, "train_f1": 0.11528059377747589, "train_precision": 0.061165918596088886, "train_recall": 1.0, "val_loss": 0.8881553127131331, "val_f1": 0.11528059377747589, "val_precision": 0.061165918596088886, "val_recall": 1.0, "_timestamp": 1676810477.5675538, "_runtime": 65.54620265960693, "_step": 9, "_wandb": {"runtime": 72}}