{"train_loss": 0.9375326670763147, "train_f1": 0.11417054152430872, "train_precision": 0.06370959486847899, "train_recall": 0.5490189511926119, "val_loss": 0.9399262073389981, "val_f1": 0.12022165490162516, "val_precision": 0.06640855979960446, "val_recall": 0.633858865109879, "_timestamp": 1676974543.0982206, "_runtime": 55.250744581222534, "_step": 9, "_wandb": {"runtime": 49}}