{"train_loss": 0.8854938817388229, "train_f1": 0.11828365477728925, "train_precision": 0.0628594501384797, "train_recall": 1.0, "val_loss": 0.8895130821871101, "val_f1": 0.11397331948226522, "val_precision": 0.06043038556113019, "val_recall": 1.0, "_timestamp": 1677280421.8471699, "_runtime": 90.22402787208557, "_step": 11, "_wandb": {"runtime": 82}}