{"train_loss": 0.8854938817388229, "train_f1": 0.11828365477728925, "train_precision": 0.0628594501384797, "train_recall": 1.0, "val_loss": 0.8893636254542464, "val_f1": 0.11411575770920404, "val_precision": 0.06051241283074295, "val_recall": 0.9994719821378726, "_timestamp": 1677270058.935772, "_runtime": 318.7551519870758, "_step": 35, "_wandb": {"runtime": 335}}