{"train_loss": 0.7262440888026288, "train_f1": 0.29005748775108947, "train_precision": 0.1734130923131495, "train_recall": 0.88604756966802, "val_loss": 0.7469819926340645, "val_f1": 0.26669471333511235, "val_precision": 0.15705888406501725, "val_recall": 0.8832576105354029, "_timestamp": 1677278620.8815994, "_runtime": 1151.368670463562, "_step": 167, "_wandb": {"runtime": 1153}}