{"train_loss": 0.8881370644532998, "train_f1": 0.11574984098134464, "train_precision": 0.06143018772073705, "train_recall": 1.0, "val_loss": 0.8883960938781773, "val_f1": 0.11574984098134464, "val_precision": 0.06143018772073705, "val_recall": 1.0, "_timestamp": 1676811139.6498005, "_runtime": 618.4652564525604, "_step": 98, "_wandb": {"runtime": 619}}