{"train_loss": 0.8031762637254846, "train_f1": 0.2059040806647086, "train_precision": 0.11699985295306635, "train_recall": 0.8574554562568665, "val_loss": 0.8060969874399517, "val_f1": 0.2027154859687436, "val_precision": 0.11488276841375258, "val_recall": 0.8609416799260936, "_timestamp": 1676822764.8082309, "_runtime": 136.59162497520447, "_step": 19, "_wandb": {"runtime": 103}}