{"train_loss": 0.7754739754072583, "train_f1": 0.23894368283836287, "train_precision": 0.13765504109950466, "train_recall": 0.9044558455015866, "val_loss": 0.78879765851782, "val_f1": 0.22303495912715, "val_precision": 0.12714573282987698, "val_recall": 0.9072652855597505, "_timestamp": 1676997619.8877232, "_runtime": 426.3620092868805, "_step": 88, "_wandb": {"runtime": 428}}