{"train_loss": 0.8854941217043928, "train_f1": 0.11828365477728925, "train_precision": 0.0628594501384797, "train_recall": 1.0, "val_loss": 0.8895130499240456, "val_f1": 0.11397331948226522, "val_precision": 0.06043038556113019, "val_recall": 1.0, "_timestamp": 1676995408.1115832, "_runtime": 58.18752121925354, "_step": 5, "_wandb": {"runtime": 24}}