{"train_loss": 0.7159747162848028, "train_f1": 0.3042661156506689, "train_precision": 0.18446443801788429, "train_recall": 0.8679845663427397, "val_loss": 0.7406443059444427, "val_f1": 0.27637205196066633, "val_precision": 0.1644852833412246, "val_recall": 0.8642665199730375, "_timestamp": 1676968903.5242393, "_runtime": 660.4994542598724, "_step": 179, "_wandb": {"runtime": 658}}