{"train_loss": 0.8535592730718714, "train_f1": 0.1539554975512347, "train_precision": 0.08418390475327277, "train_recall": 0.8992710525752934, "val_loss": 0.8582599376319745, "val_f1": 0.14825093976657955, "val_precision": 0.08081917311791159, "val_recall": 0.8949842819380104, "_timestamp": 1676973638.742803, "_runtime": 176.1348011493683, "_step": 36, "_wandb": {"runtime": 271}}