{"train_loss": 0.8159723665878063, "train_f1": 0.19234292761497596, "train_precision": 0.1075331840721023, "train_recall": 0.9102163650607334, "val_loss": 0.8208991904324348, "val_f1": 0.18717223649519205, "val_precision": 0.10404296590169089, "val_recall": 0.9311579963482848, "_timestamp": 1676822082.7081563, "_runtime": 926.2158563137054, "_step": 179, "_wandb": {"runtime": 1462}}