{"train_loss": 0.8895783868454795, "train_f1": 0.11528059377747589, "train_precision": 0.061165918596088886, "train_recall": 1.0, "val_loss": 0.8881553113460541, "val_f1": 0.11528059377747589, "val_precision": 0.061165918596088886, "val_recall": 1.0, "_timestamp": 1676810272.0696058, "_runtime": 965.1929779052734, "_step": 129, "_wandb": {"runtime": 977}}