{"train_loss": 0.8869134117628782, "train_f1": 0.11395796530860342, "train_precision": 0.06042174994945526, "train_recall": 1.0, "val_loss": 0.8893905878067017, "val_f1": 0.11395796530860342, "val_precision": 0.06042174994945526, "val_recall": 1.0, "_timestamp": 1676760744.652939, "_runtime": 14.35355806350708, "_step": 1}