{"train_loss": 0.8010004028109193, "train_f1": 0.21006173952556365, "train_precision": 0.1200922331737198, "train_recall": 0.8374667922049078, "val_loss": 0.8139346056028244, "val_f1": 0.1947913288910824, "val_precision": 0.11026101868274972, "val_recall": 0.8347181880145992, "_timestamp": 1677269704.5281324, "_runtime": 701.3836524486542, "_step": 78, "_wandb": {"runtime": 699}}