{"train_loss": 0.7421496113748041, "train_f1": 0.2746737787301322, "train_precision": 0.16248286223991681, "train_recall": 0.8874140995149394, "val_loss": 0.7552322674235072, "val_f1": 0.2589057528465985, "val_precision": 0.15190920207239345, "val_recall": 0.8757035087007995, "_timestamp": 1676970857.5740254, "_runtime": 525.5574975013733, "_step": 124, "_wandb": {"runtime": 537}}