{"train_loss": 0.8157086094827143, "train_f1": 0.19210915851551116, "train_precision": 0.10808109717631559, "train_recall": 0.8632327649024648, "val_loss": 0.8172906700077407, "val_f1": 0.19210915851551116, "val_precision": 0.10808109717631559, "val_recall": 0.8632327649024648, "_timestamp": 1676806904.4985354, "_runtime": 1064.6539573669434, "_step": 179, "_wandb": {"runtime": 1101}}