{"train_loss": 0.7142252942077986, "train_f1": 0.30629487316171783, "train_precision": 0.1858703026078812, "train_recall": 0.8698981427054369, "val_loss": 0.735005921453511, "val_f1": 0.28227873412269494, "val_precision": 0.16866037600733544, "val_recall": 0.8649617012487639, "_timestamp": 1676996745.625086, "_runtime": 587.5951550006866, "_step": 179, "_wandb": {"runtime": 623}}