{"train_loss": 0.889578386936479, "train_f1": 0.11528059377747589, "train_precision": 0.061165918596088886, "train_recall": 1.0, "val_loss": 0.8881553113460541, "val_f1": 0.11528059377747589, "val_precision": 0.061165918596088886, "val_recall": 1.0, "_timestamp": 1676809277.4287379, "_runtime": 386.99593687057495, "_step": 56, "_wandb": {"runtime": 390}}