{"train_loss": 0.8109834147773626, "train_f1": 0.19933446514102734, "train_precision": 0.11250618429470609, "train_recall": 0.8733719291577813, "val_loss": 0.818803495223369, "val_f1": 0.19102878395190093, "val_precision": 0.10704599362755314, "val_recall": 0.8866446573253072, "_timestamp": 1677338733.3815908, "_runtime": 44.85684394836426, "_step": 8, "_wandb": {"runtime": 45}}