{"train_loss": 0.8871849478656099, "train_f1": 0.11157599483216593, "train_precision": 0.05908418582205515, "train_recall": 1.0, "val_loss": 0.8918412650397064, "val_f1": 0.11157599483216593, "val_precision": 0.05908418582205515, "val_recall": 1.0, "_timestamp": 1676813788.1014302, "_runtime": 16.947325229644775, "_step": 1, "_wandb": {"runtime": 26}}