{"train_loss": 0.8882977941564021, "train_f1": 0.11496038642583523, "train_precision": 0.06098566077763343, "train_recall": 1.0, "val_loss": 0.8871144111003351, "val_f1": 0.11688772634750527, "val_precision": 0.062071565239596255, "val_recall": 1.0, "_timestamp": 1676819768.5470498, "_runtime": 48.840571641922, "_step": 6, "_wandb": {"runtime": 147}}