{"train_loss": 0.8721517590166048, "train_f1": 0.15324658689886053, "train_precision": 0.08433329171304582, "train_recall": 0.83811880853198, "val_loss": 0.872367455871827, "val_f1": 0.15324658689886053, "val_precision": 0.08433329171304582, "val_recall": 0.83811880853198, "_timestamp": 1676801985.9391096, "_runtime": 359.7579605579376, "_step": 3, "_wandb": {"runtime": 26}}