{"train_loss": 0.7573761236576634, "train_f1": 0.2577575354914204, "train_precision": 0.1508208572921407, "train_recall": 0.8858593980774625, "val_loss": 0.771299847769081, "val_f1": 0.24175761400684376, "val_precision": 0.13997340495399105, "val_recall": 0.886104973084336, "_timestamp": 1676973406.4858751, "_runtime": 375.5903482437134, "_step": 77, "_wandb": {"runtime": 374}}