{"train_loss": 0.7591132069362029, "train_f1": 0.25843501462077423, "train_precision": 0.15113268258007428, "train_recall": 0.8911171494549467, "val_loss": 0.7748559661414645, "val_f1": 0.24014730070399917, "val_precision": 0.1385502857540589, "val_recall": 0.9003932916243141, "_timestamp": 1676972092.1627896, "_runtime": 401.12594962120056, "_step": 84, "_wandb": {"runtime": 408}}