{"train_loss": 0.7992164604536449, "train_f1": 0.21206341670255463, "train_precision": 0.12029719483960448, "train_recall": 0.8941382468201732, "val_loss": 0.818183529814449, "val_f1": 0.19093372412600404, "val_precision": 0.10682157984584434, "val_recall": 0.8981219281297211, "_timestamp": 1677280985.729057, "_runtime": 249.68749809265137, "_step": 31, "_wandb": {"runtime": 255}}