{"train_loss": 0.8887765726060358, "train_f1": 0.11601331290000585, "train_precision": 0.061578626693261945, "train_recall": 1.0, "val_loss": 0.8885020602733718, "val_f1": 0.11577502560083514, "val_precision": 0.061444374835204096, "val_recall": 1.0, "_timestamp": 1676834589.7245002, "_runtime": 22.680196285247803, "_step": 3, "_wandb": {"runtime": 34}}