{"train_loss": 0.8881370680022785, "train_f1": 0.11574984098134464, "train_precision": 0.06143018772073705, "train_recall": 1.0, "val_loss": 0.8883960990730776, "val_f1": 0.11574984098134464, "val_precision": 0.06143018772073705, "val_recall": 1.0, "_timestamp": 1676811534.6499963, "_runtime": 127.31236028671265, "_step": 19, "_wandb": {"runtime": 126}}