{"train_loss": 0.7236764652128438, "train_f1": 0.29381060946656584, "train_precision": 0.1769783368120894, "train_recall": 0.8645306011192672, "val_loss": 0.74067568368868, "val_f1": 0.2747098365909238, "val_precision": 0.16291595453721122, "val_recall": 0.8754460270251703, "_timestamp": 1676999479.875947, "_runtime": 863.0797610282898, "_step": 179, "_wandb": {"runtime": 861}}