{"train_loss": 0.8514605312857009, "train_f1": 0.15620178980945582, "train_precision": 0.08557864603877978, "train_recall": 0.893820711674581, "val_loss": 0.8571715035022945, "val_f1": 0.14928190333005542, "val_precision": 0.08151523459600199, "val_recall": 0.8850922702102486, "_timestamp": 1676997075.986322, "_runtime": 286.0438129901886, "_step": 59, "_wandb": {"runtime": 287}}