{"train_loss": 0.8881371536327682, "train_f1": 0.11574984098134464, "train_precision": 0.06143018772073705, "train_recall": 1.0, "val_loss": 0.8883962130874669, "val_f1": 0.11574984098134464, "val_precision": 0.06143018772073705, "val_recall": 1.0, "_timestamp": 1676811651.7565591, "_runtime": 26.89609718322754, "_step": 3}