{"train_loss": 0.7838870889357938, "train_f1": 0.23338440975809202, "train_precision": 0.13407283374143922, "train_recall": 0.9001546898870978, "val_loss": 0.7978660335781378, "val_f1": 0.2163350118909127, "val_precision": 0.12292950255198216, "val_recall": 0.9007574010879622, "_timestamp": 1676968219.5882812, "_runtime": 320.0888192653656, "_step": 86, "_wandb": {"runtime": 335}}