{"train_loss": 0.7312338142904616, "train_f1": 0.2873332101251184, "train_precision": 0.1717781447499763, "train_recall": 0.8778879831765444, "val_loss": 0.745464577040541, "val_f1": 0.27163336920853626, "val_precision": 0.1607202112913952, "val_recall": 0.8765218886760396, "_timestamp": 1676972770.0111413, "_runtime": 660.330016374588, "_step": 139, "_wandb": {"runtime": 662}}