{"train_loss": 0.7381996827271149, "train_f1": 0.283533041930608, "train_precision": 0.16849126030641204, "train_recall": 0.8937943035409651, "val_loss": 0.755054742918102, "val_f1": 0.2647423220036864, "val_precision": 0.15622037003209832, "val_recall": 0.867075789685643, "_timestamp": 1676925764.909202, "_runtime": 1483.2554001808167, "_step": 179}