{"train_loss": 0.8854938851058028, "train_f1": 0.11828365477728925, "train_precision": 0.0628594501384797, "train_recall": 1.0, "val_loss": 0.8895130819136944, "val_f1": 0.11397331948226522, "val_precision": 0.06043038556113019, "val_recall": 1.0, "_timestamp": 1677014955.972163, "_runtime": 69.56857585906982, "_step": 12, "_wandb": {"runtime": 69}}