{"train_loss": 0.5000737455510001, "train_f1": 0.11556385718720223, "train_precision": 0.06440883807567808, "train_recall": 0.5615991726688301, "val_loss": 0.5001013303568603, "val_f1": 0.12091514967778337, "val_precision": 0.06741749629839708, "val_recall": 0.585624184356917, "_timestamp": 1676973932.4080377, "_runtime": 192.13995456695557, "_step": 42, "_wandb": {"runtime": 189}}