{"train_loss": 0.8895783874824756, "train_f1": 0.11528059377747589, "train_precision": 0.061165918596088886, "train_recall": 1.0, "val_loss": 0.8881553110726382, "val_f1": 0.11528059377747589, "val_precision": 0.061165918596088886, "val_recall": 1.0, "_timestamp": 1676808704.6198766, "_runtime": 171.09218955039978, "_step": 23, "_wandb": {"runtime": 165}}