{"train_loss": 0.7661009243426432, "train_f1": 0.2525274580218566, "train_precision": 0.14713410805939264, "train_recall": 0.8901468011259123, "val_loss": 0.7836199361796773, "val_f1": 0.23211253102148374, "val_precision": 0.13363697948874137, "val_recall": 0.8821831009256731, "_timestamp": 1676966412.7507532, "_runtime": 658.1189260482788, "_step": 179, "_wandb": {"runtime": 752}}