{"train_loss": 0.7633198405950125, "train_f1": 0.25107440419815313, "train_precision": 0.14618568931713358, "train_recall": 0.8887693432451205, "val_loss": 0.7812727358909922, "val_f1": 0.23076128296887727, "val_precision": 0.13233193263001397, "val_recall": 0.9007304012775421, "_timestamp": 1676971254.9396653, "_runtime": 376.49598836898804, "_step": 78, "_wandb": {"runtime": 375}}