{"train_loss": 0.6926376397373112, "train_f1": 0.3275594899555283, "train_precision": 0.20144093651466696, "train_recall": 0.8760196866879937, "val_loss": 0.7073177181252646, "val_f1": 0.3105066295961498, "val_precision": 0.188932515262122, "val_recall": 0.8709351428605001, "_timestamp": 1677285027.5638938, "_runtime": 3007.9067058563232, "_step": 579, "_wandb": {"runtime": 56656}}