{"train_loss": 0.7468474928659338, "train_f1": 0.2735655037424044, "train_precision": 0.16067334500546673, "train_recall": 0.9199161426711628, "val_loss": 0.7567741753311332, "val_f1": 0.26227037786211943, "val_precision": 0.15329809474904055, "val_recall": 0.9070459795654366, "_timestamp": 1676924207.657756, "_runtime": 1190.6615200042725, "_step": 179, "_wandb": {"runtime": 1255}}