{"train_loss": 0.8273881103246267, "train_f1": 0.1723236520981077, "train_precision": 0.09603508845518488, "train_recall": 0.8380774505641482, "val_loss": 0.8359376287788426, "val_f1": 0.1723236520981077, "val_precision": 0.09603508845518488, "val_recall": 0.8380774505641482, "_timestamp": 1676813506.5169146, "_runtime": 726.6030695438385, "_step": 179, "_wandb": {"runtime": 858}}