{"train_loss": 0.7206609093505918, "train_f1": 0.29868328297368285, "train_precision": 0.1800814760379664, "train_recall": 0.8748798952757857, "val_loss": 0.7445042453227787, "val_f1": 0.27165852211842, "val_precision": 0.16107727800829147, "val_recall": 0.8665634092934634, "_timestamp": 1676967089.3666182, "_runtime": 573.9630801677704, "_step": 179, "_wandb": {"runtime": 569}}