{"train_loss": 0.7603015170752547, "train_f1": 0.2542520959089256, "train_precision": 0.1484882203051607, "train_recall": 0.8836517328524408, "val_loss": 0.7734791294697227, "val_f1": 0.23925806353352885, "val_precision": 0.1381126933671329, "val_recall": 0.8938860783883191, "_timestamp": 1677014860.6321168, "_runtime": 275.0961208343506, "_step": 51, "_wandb": {"runtime": 292}}