{"train_loss": 0.7640183669920186, "train_f1": 0.2499602579701529, "train_precision": 0.14580531917398667, "train_recall": 0.8750348703551838, "val_loss": 0.7748710666227778, "val_f1": 0.237329733699458, "val_precision": 0.13750173643641517, "val_recall": 0.8662068381768848, "_timestamp": 1677013966.865202, "_runtime": 436.8498179912567, "_step": 89, "_wandb": {"runtime": 435}}