{"train_loss": 0.8036095051365044, "train_f1": 0.2056837250395026, "train_precision": 0.1165848488002333, "train_recall": 0.8724306891892702, "val_loss": 0.8043426223304293, "val_f1": 0.20502931811005912, "val_precision": 0.11636485406325771, "val_recall": 0.8612949733340413, "_timestamp": 1676821086.9988437, "_runtime": 913.5413537025452, "_step": 179, "_wandb": {"runtime": 912}}