{"train_loss": 0.827531301338254, "train_f1": 0.1970534593461694, "train_precision": 0.1104932257888514, "train_recall": 0.9097513660378412, "val_loss": 0.8113508670155062, "val_f1": 0.1970534593461694, "val_precision": 0.1104932257888514, "val_recall": 0.9097513660378412, "_timestamp": 1676815464.1553688, "_runtime": 1046.5161378383636, "_step": 179, "_wandb": {"runtime": 1041}}