{"train_loss": 0.7770622974133673, "train_f1": 0.23648638993202345, "train_precision": 0.1361931305520862, "train_recall": 0.8971570294321949, "val_loss": 0.7882277785091225, "val_f1": 0.22364039172785513, "val_precision": 0.1278195550511463, "val_recall": 0.893336258896994, "_timestamp": 1677015392.2297745, "_runtime": 163.13919043540955, "_step": 30, "_wandb": {"runtime": 165}}