{"train_loss": 0.8395369624363557, "train_f1": 0.16014156208707855, "train_precision": 0.08852455370264863, "train_recall": 0.8384694552749669, "val_loss": 0.8475021695325134, "val_f1": 0.16014156208707855, "val_precision": 0.08852455370264863, "val_recall": 0.8384694552749669, "_timestamp": 1676812553.3404965, "_runtime": 51.47816848754883, "_step": 9, "_wandb": {"runtime": 53}}