{"train_loss": 0.8105804964786267, "train_f1": 0.20082273085673896, "train_precision": 0.11334116193572528, "train_recall": 0.8801948911361112, "val_loss": 0.825704807535224, "val_f1": 0.18382674692073947, "val_precision": 0.10241451196013651, "val_recall": 0.8964040694980446, "_timestamp": 1676971668.0349474, "_runtime": 310.35751938819885, "_step": 58, "_wandb": {"runtime": 309}}