{"train_loss": 0.7116143303063079, "train_f1": 0.30882936840271846, "train_precision": 0.18732005444476169, "train_recall": 0.8790348456106113, "val_loss": 0.7376201967580602, "val_f1": 0.27968893982019016, "val_precision": 0.16665717481780762, "val_recall": 0.8692179453482322, "_timestamp": 1676967779.539038, "_runtime": 593.6111619472504, "_step": 179, "_wandb": {"runtime": 635}}