{"train_loss": 0.7674528438626355, "train_f1": 0.24503009893739458, "train_precision": 0.14208632631952525, "train_recall": 0.8894521001641077, "val_loss": 0.7822789467802835, "val_f1": 0.22848112507448798, "val_precision": 0.13096856383111224, "val_recall": 0.8944237954025969, "_timestamp": 1677281778.1158981, "_runtime": 675.2138891220093, "_step": 86, "_wandb": {"runtime": 677}}