{"train_loss": 0.76764944091098, "train_f1": 0.2469096731935809, "train_precision": 0.14331286359891182, "train_recall": 0.890957906136986, "val_loss": 0.7810003675452066, "val_f1": 0.2313108042323198, "val_precision": 0.13278924877148704, "val_recall": 0.8963424426699997, "_timestamp": 1677015194.0838137, "_runtime": 205.46521878242493, "_step": 38, "_wandb": {"runtime": 228}}