{"train_loss": 0.887183910380793, "train_f1": 0.11157599483216593, "train_precision": 0.05908418582205515, "train_recall": 1.0, "val_loss": 0.8918412245741678, "val_f1": 0.11157599483216593, "val_precision": 0.05908418582205515, "val_recall": 1.0, "_timestamp": 1676811937.8161395, "_runtime": 128.4121494293213, "_step": 19, "_wandb": {"runtime": 130}}