{"train_loss": 0.8191995224879898, "train_f1": 0.18815772607107892, "train_precision": 0.10553567096112518, "train_recall": 0.8666179967582772, "val_loss": 0.8205518353422847, "val_f1": 0.18815772607107892, "val_precision": 0.10553567096112518, "val_recall": 0.8666179967582772, "_timestamp": 1676805321.4032867, "_runtime": 892.519270658493, "_step": 179, "_wandb": {"runtime": 878}}