{"train_loss": 0.8854938908387686, "train_f1": 0.11828365477728925, "train_precision": 0.0628594501384797, "train_recall": 1.0, "val_loss": 0.8895130799997837, "val_f1": 0.11397331948226522, "val_precision": 0.06043038556113019, "val_recall": 1.0, "_timestamp": 1677014084.4360433, "_runtime": 81.82601022720337, "_step": 7, "_wandb": {"runtime": 378}}